{
    "parent": "item/generated",
    "textures": {
        "layer0": "item/music_disc_11"
    },
    "overrides": [
        {
            "predicate": {
                "custom_model_data": 1
            },
            "model": "charlie_album:item/music_disc_onenineninenine"
        },
        {
            "predicate": {
                "custom_model_data": 2
            },
            "model": "charlie_album:item/music_disc_twozeroninenine"
        },
        {
            "predicate": {
                "custom_model_data": 3
            },
            "model": "charlie_album:item/music_disc_blameitonyourlove"
        },
        {
            "predicate": {
                "custom_model_data": 4
            },
            "model": "charlie_album:item/music_disc_click"
        },
        {
            "predicate": {
                "custom_model_data": 5
            },
            "model": "charlie_album:item/music_disc_crossyouout"
        },
        {
            "predicate": {
                "custom_model_data": 6
            },
            "model": "charlie_album:item/music_disc_februarytwozerooneseven"
        },
        {
            "predicate": {
                "custom_model_data": 7
            },
            "model": "charlie_album:item/music_disc_gone"
        },
        {
            "predicate": {
                "custom_model_data": 8
            },
            "model": "charlie_album:item/music_disc_nextlevelcharli"
        },
        {
            "predicate": {
                "custom_model_data": 9
            },
            "model": "charlie_album:item/music_disc_official"
        },
        {
            "predicate": {
                "custom_model_data": 10
            },
            "model": "charlie_album:item/music_disc_shakeit"
        },
        {
            "predicate": {
                "custom_model_data": 11
            },
            "model": "charlie_album:item/music_disc_silvercross"
        },
        {
            "predicate": {
                "custom_model_data": 12
            },
            "model": "charlie_album:item/music_disc_thoughts"
        },
        {
            "predicate": {
                "custom_model_data": 13
            },
            "model": "charlie_album:item/music_disc_whitemercedes"
        }
    ]
}