{
    "model": {
        "type": "range_dispatch",
        "property": "custom_model_data",
        "fallback": {
            "type": "model",
            "model": "item/music_disc_11"
        },
        "entries": [
            {
                "threshold": 1,
                "model": {
                    "type": "model",
                    "model": "charlie_album:item/music_disc_onenineninenine"
                }
            },
            {
                "threshold": 2,
                "model": {
                    "type": "model",
                    "model": "charlie_album:item/music_disc_twozeroninenine"
                }
            },
            {
                "threshold": 3,
                "model": {
                    "type": "model",
                    "model": "charlie_album:item/music_disc_blameitonyourlove"
                }
            },
            {
                "threshold": 4,
                "model": {
                    "type": "model",
                    "model": "charlie_album:item/music_disc_click"
                }
            },
            {
                "threshold": 5,
                "model": {
                    "type": "model",
                    "model": "charlie_album:item/music_disc_crossyouout"
                }
            },
            {
                "threshold": 6,
                "model": {
                    "type": "model",
                    "model": "charlie_album:item/music_disc_februarytwozerooneseven"
                }
            },
            {
                "threshold": 7,
                "model": {
                    "type": "model",
                    "model": "charlie_album:item/music_disc_gone"
                }
            },
            {
                "threshold": 8,
                "model": {
                    "type": "model",
                    "model": "charlie_album:item/music_disc_nextlevelcharli"
                }
            },
            {
                "threshold": 9,
                "model": {
                    "type": "model",
                    "model": "charlie_album:item/music_disc_official"
                }
            },
            {
                "threshold": 10,
                "model": {
                    "type": "model",
                    "model": "charlie_album:item/music_disc_shakeit"
                }
            },
            {
                "threshold": 11,
                "model": {
                    "type": "model",
                    "model": "charlie_album:item/music_disc_silvercross"
                }
            },
            {
                "threshold": 12,
                "model": {
                    "type": "model",
                    "model": "charlie_album:item/music_disc_thoughts"
                }
            },
            {
                "threshold": 13,
                "model": {
                    "type": "model",
                    "model": "charlie_album:item/music_disc_whitemercedes"
                }
            }
        ]
    }
}