{
    "music_disc.thoughts": {
        "sounds": [
            {
                "name": "charlie_album:records/thoughts",
                "stream": true
            }
        ]
    },
    "music_disc.official": {
        "sounds": [
            {
                "name": "charlie_album:records/official",
                "stream": true
            }
        ]
    },
    "music_disc.onenineninenine": {
        "sounds": [
            {
                "name": "charlie_album:records/onenineninenine",
                "stream": true
            }
        ]
    },
    "music_disc.twozeroninenine": {
        "sounds": [
            {
                "name": "charlie_album:records/twozeroninenine",
                "stream": true
            }
        ]
    },
    "music_disc.blameitonyourlove": {
        "sounds": [
            {
                "name": "charlie_album:records/blameitonyourlove",
                "stream": true
            }
        ]
    },
    "music_disc.click": {
        "sounds": [
            {
                "name": "charlie_album:records/click",
                "stream": true
            }
        ]
    },
    "music_disc.crossyouout": {
        "sounds": [
            {
                "name": "charlie_album:records/crossyouout",
                "stream": true
            }
        ]
    },
    "music_disc.februarytwozerooneseven": {
        "sounds": [
            {
                "name": "charlie_album:records/februarytwozerooneseven",
                "stream": true
            }
        ]
    },
    "music_disc.gone": {
        "sounds": [
            {
                "name": "charlie_album:records/gone",
                "stream": true
            }
        ]
    },
    "music_disc.nextlevelcharli": {
        "sounds": [
            {
                "name": "charlie_album:records/nextlevelcharli",
                "stream": true
            }
        ]
    },
    "music_disc.shakeit": {
        "sounds": [
            {
                "name": "charlie_album:records/shakeit",
                "stream": true
            }
        ]
    },
    "music_disc.silvercross": {
        "sounds": [
            {
                "name": "charlie_album:records/silvercross",
                "stream": true
            }
        ]
    },
    "music_disc.whitemercedes": {
        "sounds": [
            {
                "name": "charlie_album:records/whitemercedes",
                "stream": true
            }
        ]
    }
}